"id","date","category","item","amount","tax_rate","memo"
"1","2025-01-10","売上","商品A","1000","10%",""
"2","2025-01-10","売上","商品B","2500","8%",""
"3","2025-01-11","仕入","原料X","800","10%",""
"4","2025-01-11","仕入","原料Y","1200","8%",""
"5","2025-01-12","売上","商品C","3400","10%",""
"6","2025-01-12","経費","交通費","550","10%",""
"7","2025-01-13","売上","商品D","4200","8%",""
"8","2025-01-13","仕入","原料Z","900","10%",""
"9","2025-01-14","売上","商品E","1800","8%",""
"10","2025-01-14","経費","通信費","3300","10%",""
